Product,Brand,Model,URL
electric toothbrush,Oral-B,Oral-B Pro 1000,https://oralb.com/en-us/products/electric-toothbrushes/pro-1000-rechargeable-electric-toothbrush/
electric toothbrush,Oral-B,Oral-B Genius X,https://oralb.com/en-us/products/electric-toothbrushes/genius-x-rechargeable-toothbrush/
electric toothbrush,Oral-B,Oral-B iO Series 9,https://oralb.com/en-us/products/electric-toothbrushes/io-series-9-rechargeable-electric-toothbrush/
electric toothbrush,Philips,Philips Sonicare ProtectiveClean 6100,https://www.usa.philips.com/c-p/HX6877_21/sonicare-protectiveclean-6100-sonic-electric-toothbrush
electric toothbrush,Philips,Philips Sonicare DiamondClean Smart,https://www.usa.philips.com/c-p/HX9924_11/sonicare-diamondclean-smart-9500-sonic-electric-toothbrush
electric toothbrush,Philips,Philips Sonicare for Kids,https://www.usa.philips.com/c-p/HX6321_02/sonicare-for-kids-sonic-electric-toothbrush
electric toothbrush,Colgate,Colgate Hum Smart Electric Toothbrush,https://shop.colgate.com/products/hum-smart-electric-toothbrush
electric toothbrush,Colgate,Colgate Optic White Advanced LED Whitening,https://shop.colgate.com/products/optic-white-advanced-led-whitening
electric toothbrush,Colgate,Colgate Magik,https://shop.colgate.com/products/magik
electric toothbrush,FOREO,FOREO ISSA 2,https://www.foreo.com/issa-2
electric toothbrush,FOREO,FOREO ISSA Mini 2,https://www.foreo.com/issa-mini-2
electric toothbrush,FOREO,FOREO ISSA Mikro,https://www.foreo.com/issa-mikro
electric toothbrush,Quip,Quip Metal Electric Toothbrush,https://www.getquip.com/shop/electric-toothbrush
electric toothbrush,Quip,Quip Smart Electric Toothbrush,https://www.getquip.com/shop/smart-electric-toothbrush
electric toothbrush,Quip,Quip Kids Electric Toothbrush,https://www.getquip.com/shop/kids-electric-toothbrush
electric toothbrush,Waterpik,Waterpik Sonic-Fusion Professional,https://www.waterpik.com/oral-health/products/sonic-fusion/SF-02CD012-1/
electric toothbrush,Waterpik,Waterpik Complete Care 9.0,https://www.waterpik.com/oral-health/products/complete-care/WP-950/
electric toothbrush,Waterpik,Waterpik Sonic-Fusion 2.0,https://www.waterpik.com/oral-health/products/sonic-fusion/SF-02/
electric toothbrush,Burst,Burst Sonic Toothbrush,https://www.burstoralcare.com/product/toothbrush
electric toothbrush,Burst,Burst Kids Electric Toothbrush,https://www.burstoralcare.com/product/kids-toothbrush
electric toothbrush,Burst,Burst Limited Edition Sonic Toothbrush,https://www.burstoralcare.com/product/limited-edition
electric toothbrush,Spinbrush,PRO CLEAN,https://www.armandhammer.com/en/oral-care/electric-toothbrushes/spinbrush-pro-clean
electric toothbrush,Spinbrush,PRO Deep Clean,https://www.armandhammer.com/en/oral-care/electric-toothbrushes/spinbrush-pro-deep-clean
electric toothbrush,Spinbrush,PRO WHITEN,https://www.armandhammer.com/en/oral-care/electric-toothbrushes/spinbrush-pro-whiten
electric toothbrush,Fairywill,Fairywill D7 Sonic Electric Toothbrush,https://www.fairywill.com/products/fw-507
electric toothbrush,Fairywill,Fairywill P11 Sonic Electric Toothbrush,https://www.fairywill.com/products/p11
electric toothbrush,Fairywill,Fairywill E11 Sonic Electric Toothbrush,https://www.fairywill.com/products/electric-toothbrush-fw-e11
electric toothbrush,Aquasonic,AquaSonic Black Series Ultra Whitening Toothbrush,https://www.aquasonic.com/black-series-ultra-whitening-toothbrush/
electric toothbrush,Aquasonic,AquaSonic VIBE Series Ultra Whitening Toothbrush,https://www.aquasonic.com/vibe-series-ultra-whitening-toothbrush/
electric toothbrush,Aquasonic,AquaSonic DUO Dual Handle Ultra Whitening Electric ToothBrushes,https://www.aquasonic.com/duo-dual-handle-ultra-whitening-electric-toothbrushes/
electric toothbrush,Brio,Brio SmartClean Sonic Toothbrush,https://www.briosmartlife.com/smartclean-sonic-toothbrush
electric toothbrush,Brio,Brio Plus Sonic Electric Toothbrush,https://www.briosmartlife.com/brio-plus-sonic-electric-toothbrush
electric toothbrush,Brio,Brio ICare Sonic Toothbrush,https://www.briosmartlife.com/icare-sonic-toothbrush
electric toothbrush,Xiaomi,Xiaomi Mi Smart Electric Toothbrush T500,https://www.mi.com/global/mi-smart-electric-toothbrush-t500/
electric toothbrush,Xiaomi,Xiaomi Mi Electric Toothbrush T300,https://www.mi.com/global/mi-electric-toothbrush-t300/
electric toothbrush,Xiaomi,Xiaomi Mi Electric Toothbrush T100,https://www.mi.com/global/mi-electric-toothbrush-t100/
electric toothbrush,Papablic,Papablic BabyHandy Sonic Electric Baby Toothbrush,https://www.papablic.com/babyhandy-sonic-electric-toothbrush/
electric toothbrush,Papablic,Papablic Baby Electric Toothbrush,https://www.papablic.com/baby-electric-toothbrush/
electric toothbrush,Papablic,Papablic Toddler Electric Toothbrush,https://www.papablic.com/toddler-electric-toothbrush/
electric toothbrush,Oclean,Oclean X Pro Elite,https://www.oclean.com/x-pro-elite/
electric toothbrush,Oclean,Oclean One,https://www.oclean.com/one/
electric toothbrush,Oclean,Oclean Air 2,https://www.oclean.com/air2/
electric toothbrush,Rotadent,Rotadent ProCare,https://www.rotadent.com/procare-toothbrush
electric toothbrush,Rotadent,Rotadent Contour,https://www.rotadent.com/contour-toothbrush
electric toothbrush,Rotadent,Rotadent Plus,https://www.rotadent.com/plus-toothbrush
electric toothbrush,SmileDirectClub,SmileDirectClub Electric Toothbrush,https://www.smiledirectclub.com/shop/electric-toothbrush/
electric toothbrush,SmileDirectClub,Smile Direct Club SmileSpa Sonic Toothbrush,https://www.smiledirectclub.com/shop/smilespsa-sonic-toothbrush/
electric toothbrush,SmileDirectClub,Smile Direct Club Smart Sonic Toothbrush,https://www.smiledirectclub.com/shop/smart-sonic-toothbrushes/
electric toothbrush,Violife,Violife Slim Sonic Toothbrush,https://www.violife.com/slim-sonic-toothbrush/
electric toothbrush,Violife,Violife Slim Uno Battery Powered Toothbrush,https://www.violife.com/slim-uno-battery-toothbrush/
electric toothbrush,Violife,Violife Rockee Kids Toothbrush,https://www.violife.com/rockee-kids-toothbrush/
electric toothbrush,Sonic-FX,Sonic-FX Solo Sonic Toothbrush,https://www.sonicfxtoothbrush.com/solo-sonic-toothbrush
electric toothbrush,Sonic-FX,Sonic-FX Duo Electric Toothbrush Set,https://www.sonicfxtoothbrush.com/duo-electric-toothbrush-set
electric toothbrush,Sonic-FX,Sonic-FX Smart 4 Electric Toothbrush,https://www.sonicfxtoothbrush.com/smart-4-electric-toothbrush
electric toothbrush,Mornwell,Mornwell D01B Sonic Electric Toothbrush,https://www.mornwell.com/d01b-sonic-toothbrush
electric toothbrush,Mornwell,Mornwell D50WS Water Flosser and Electric Toothbrush Combo,https://www.mornwell.com/d50ws-combo
electric toothbrush,Mornwell,Mornwell Mini Travel Sonic Electric Toothbrush,https://www.mornwell.com/mini-travel-sonic-toothbrush
